transaction_date,amount,description,transaction_type,category_id,transaction_code
2018-01-01,11.11,Amazon,debit,20,TARGET STORE 1456 #DFGWFD
2018-01-02,1247.44,Mortgage Payment,debit,15,ZILLOW RENT PORTAL #9M7JEX
2018-01-02,24.22,Thai Restaurant,debit,19,CHILI'S GRILL & BAR #YDE51Q
2018-01-03,2298.09,Credit Card Payment,credit,4,UNKNOWN MERCHANT #RZ3O90
2018-01-04,11.76,Netflix,debit,16,AMC THEATERS TICKET #FMDTV9
2018-01-05,25.85,American Tavern,debit,19,LOCAL DINER PURCHASE #2DX5YV
2018-01-06,18.45,Hardware Store,debit,12,LOWE'S STORE 8832 #9NAIS2
2018-01-08,45.0,Gas Company,debit,22,CITY ELECTRIC BILL #M3Q5DQ
2018-01-08,15.38,Hardware Store,debit,12,LOWE'S STORE 8832 #9MLQQY
2018-01-09,10.69,Spotify,debit,17,YOUTUBE MUSIC #SVOJRR
2018-01-10,89.46,Phone Company,debit,14,VERIZON WIRELESS BILL #MEI8XQ
2018-01-11,34.87,Shell,debit,9,SHELL OIL #087C70
2018-01-11,43.54,Grocery Store,debit,10,TARGET GROCERY #DL30PK
2018-01-12,2000.0,Biweekly Paycheck,credit,18,UNKNOWN MERCHANT #TKAX3Z
2018-01-13,32.91,Pizza Place,debit,7,CHIPOTLE MEXICAN GRILL #4Y07UA
2018-01-13,39.05,Amazon,debit,20,AMAZON.COM PURCHASE #XP9A47
2018-01-15,44.19,Grocery Store,debit,10,JEWEL-OSCO #F2Z8MG
2018-01-15,64.11,American Tavern,debit,19,CHILI'S GRILL & BAR #1WM6KS
2018-01-16,35.0,City Water Charges,debit,22,CITY ELECTRIC BILL #XNX25T
2018-01-16,60.0,Power Company,debit,22,WATER DEPARTMENT PAYMENT #QLNX9M
2018-01-19,2000.0,Biweekly Paycheck,credit,18,UNKNOWN MERCHANT #HEV1GA
2018-01-20,50.21,Amazon,debit,20,WALMART ONLINE ORDER #WDWOYS
2018-01-22,554.99,Credit Card Payment,credit,4,UNKNOWN MERCHANT #A11YH2
2018-01-22,309.81,Credit Card Payment,credit,4,UNKNOWN MERCHANT #7HPSK8
2018-01-22,554.99,Credit Card Payment,debit,4,UNKNOWN MERCHANT #L2V4ZB
2018-01-22,17.38,Hardware Store,debit,12,LOWE'S STORE 8832 #K7AM7W
2018-01-23,309.81,Credit Card Payment,debit,4,UNKNOWN MERCHANT #QUOLGK
2018-01-24,3.0,Starbucks,debit,3,SQ *STARBUCKS STORE 1123 #F1B3L2
2018-01-25,69.99,Internet Service Provider,debit,13,CHARTER SPECTRUM #5G44CI
2018-01-29,30.42,Shell,debit,9,SHELL OIL #K1CGPZ
2018-01-29,25.0,Thai Restaurant,debit,19,OLIVE GARDEN 4452 #WCPSIU
2018-01-29,17.62,Brunch Restaurant,debit,19,LOCAL DINER PURCHASE #IYXSLQ
2018-02-01,27.79,Grocery Store,debit,10,TARGET GROCERY #OCI4SP
2018-02-01,11.11,Amazon,debit,20,WALMART ONLINE ORDER #61ID04
2018-02-02,1247.44,Mortgage Payment,debit,15,APARTMENT RENT PAYMENT #3H302O
2018-02-02,2000.0,Biweekly Paycheck,credit,18,UNKNOWN MERCHANT #QQ7DTS
2018-02-03,57.02,Japanese Restaurant,debit,19,OLIVE GARDEN 4452 #X827FI
2018-02-04,11.76,Netflix,debit,16,FANDANGO MOVIE PURCHASE #7VQ42U
2018-02-05,145.14,Credit Card Payment,credit,4,UNKNOWN MERCHANT #AN1M3O
2018-02-06,154.13,Credit Card Payment,credit,4,UNKNOWN MERCHANT #UYR4J1
2018-02-07,154.13,Credit Card Payment,debit,4,UNKNOWN MERCHANT #11XQNX
2018-02-07,65.0,Gas Company,debit,22,NATURAL GAS SERVICE #HH9QGF
2018-02-09,30.0,Barbershop,debit,11,GREAT CLIPS SALON #6KF4WD
2018-02-09,10.69,Spotify,debit,17,APPLE MUSIC SUBSCRIPTION #IKHJHK
2018-02-10,10.66,Bojangles,debit,7,CHIPOTLE MEXICAN GRILL #65AVW3
2018-02-11,106.8,Fancy Restaurant,debit,19,LOCAL DINER PURCHASE #DXTZ2J
2018-02-12,36.47,Shell,debit,9,SHELL OIL #I8OY2F
2018-02-12,89.52,Phone Company,debit,14,VERIZON WIRELESS BILL #BLI38V
2018-02-14,14.0,Brewing Company,debit,1,MIXOLOGY LOUNGE #CYS6CQ
2018-02-15,10.0,American Tavern,debit,19,LOCAL DINER PURCHASE #PGRFH4
2018-02-15,60.0,Power Company,debit,22,CITY ELECTRIC BILL #7GZN46
2018-02-16,2000.0,Biweekly Paycheck,credit,18,UNKNOWN MERCHANT #1CQC9E
2018-02-16,8.0,Brunch Restaurant,debit,19,OLIVE GARDEN 4452 #A1U9F5
2018-02-16,35.0,City Water Charges,debit,22,CITY ELECTRIC BILL #7XPUJO
2018-02-20,35.95,Grocery Store,debit,10,JEWEL-OSCO #0U0JZV
2018-02-20,23.51,Mexican Restaurant,debit,19,CHILI'S GRILL & BAR #KX0RAP
2018-02-21,2.0,Starbucks,debit,3,DUNKIN #34567 #4B6TEU
2018-02-22,4.0,Starbucks,debit,3,DUNKIN #34567 #S7KIS7
2018-02-26,765.37,Credit Card Payment,credit,4,UNKNOWN MERCHANT #S26FM9
2018-02-26,156.11,Credit Card Payment,credit,4,UNKNOWN MERCHANT #ZQJSDI
2018-02-26,765.37,Credit Card Payment,debit,4,UNKNOWN MERCHANT #99UOVI
2018-02-26,74.99,Internet Service Provider,debit,13,AT&T INTERNET SERVICE #GHLDWR
2018-02-26,85.52,American Tavern,debit,19,OLIVE GARDEN 4452 #5APYUL
2018-02-26,32.21,Gas Station,debit,9,MOBIL FUEL STATION #4D29I2
2018-02-27,156.11,Credit Card Payment,debit,4,UNKNOWN MERCHANT #7YXLVE
2018-03-01,32.07,Grocery Store,debit,10,WALMART SUPERCENTER #JSRUUA
2018-03-01,13.13,Amazon,debit,20,AMAZON.COM PURCHASE #CCT2L2
2018-03-02,1247.44,Mortgage Payment,debit,15,ZILLOW RENT PORTAL #ZH327G
2018-03-02,2000.0,Biweekly Paycheck,credit,18,UNKNOWN MERCHANT #NNQYZD
2018-03-03,23.74,Grocery Store,debit,10,JEWEL-OSCO #YTGEWJ
2018-03-04,10.69,Grocery Store,debit,10,JEWEL-OSCO #PP1OCI
2018-03-04,11.76,Netflix,debit,16,FANDANGO MOVIE PURCHASE #BH4UO2
2018-03-04,42.24,BBQ Restaurant,debit,19,LOCAL DINER PURCHASE #CA187S
2018-03-05,3.0,Starbucks,debit,3,PEET'S COFFEE ROASTERS #4GR6HP
2018-03-05,761.59,Credit Card Payment,credit,4,UNKNOWN MERCHANT #ODJZMN
2018-03-05,761.59,Credit Card Payment,debit,4,UNKNOWN MERCHANT #DJCORP
2018-03-07,3.5,Starbucks,debit,3,DUNKIN #34567 #NIXJS2
2018-03-08,34.9,BP,debit,9,CASEY'S GENERAL STORE 6672 #U3NGYO
2018-03-08,52.0,Gas Company,debit,22,WATER DEPARTMENT PAYMENT #T7JRTG
2018-03-09,20.72,Grocery Store,debit,10,WALMART SUPERCENTER #6HFEVY
2018-03-09,5.09,Grocery Store,debit,10,JEWEL-OSCO #IIHZMJ
2018-03-09,10.69,Spotify,debit,17,YOUTUBE MUSIC #5NVVD4
2018-03-12,19.35,Grocery Store,debit,10,JEWEL-OSCO #0L2FZY
2018-03-12,89.52,Phone Company,debit,14,AT&T MOBILE SERVICE #A7WEA7
2018-03-13,45.75,Amazon,debit,20,TARGET STORE 1456 #GPA9HZ
2018-03-14,22.5,Grocery Store,debit,10,WALMART SUPERCENTER #630N0H
2018-03-14,8.49,Brunch Restaurant,debit,19,LOCAL DINER PURCHASE #YWH27O
2018-03-15,3.5,Starbucks,debit,3,PEET'S COFFEE ROASTERS #FOC3AB
2018-03-15,60.0,Power Company,debit,22,CITY ELECTRIC BILL #RJZFBE
2018-03-16,2000.0,Biweekly Paycheck,credit,18,UNKNOWN MERCHANT #5E01GR
2018-03-17,19.5,Brewing Company,debit,1,TIPSY TAP BAR & GRILL #Z402I2
2018-03-17,23.34,Pizza Place,debit,7,MCDONALD'S #18452 #3R4RC2
2018-03-19,36.48,Mediterranean Restaurant,debit,19,OLIVE GARDEN 4452 #R10A25
2018-03-19,35.0,City Water Charges,debit,22,WATER DEPARTMENT PAYMENT #3H0MNQ
2018-03-20,14.97,Amazon,debit,20,WALMART ONLINE ORDER #DSJPFT
2018-03-22,30.55,BP,debit,9,CASEY'S GENERAL STORE 6672 #BR3CER
2018-03-23,559.91,Credit Card Payment,credit,4,UNKNOWN MERCHANT #XR2H5I
2018-03-23,559.91,Credit Card Payment,debit,4,UNKNOWN MERCHANT #XIFJ9Y
2018-03-23,11.76,Grocery Store,debit,10,JEWEL-OSCO #H2PK3O
2018-03-26,74.99,Internet Service Provider,debit,13,COMCAST XFINITY BILL #PU52GZ
2018-03-28,16.06,Grocery Store,debit,10,JEWEL-OSCO #BE8A11
2018-03-28,24.98,Pizza Place,debit,19,OLIVE GARDEN 4452 #5VGZZD
2018-03-29,17.64,Steakhouse,debit,19,CHILI'S GRILL & BAR #L6Y9GE
2018-03-30,9.09,Grocery Store,debit,10,JEWEL-OSCO #ZVO4HM
2018-03-30,2000.0,Biweekly Paycheck,credit,18,UNKNOWN MERCHANT #1XKNZ1
2018-03-31,38.32,Belgian Restaurant,debit,19,CHILI'S GRILL & BAR #2XYJA1
2018-03-31,24.74,Chili's,debit,19,CHILI'S GRILL & BAR #Q1NPG0
2018-03-31,41.16,Greek Restaurant,debit,19,LOCAL DINER PURCHASE #DCASKK
2018-04-01,80.79,Grocery Store,debit,10,JEWEL-OSCO #MP1MUG
2018-04-01,59.48,Brewing Company,debit,19,LOCAL DINER PURCHASE #TH21BO
2018-04-01,13.13,Amazon,debit,20,TARGET STORE 1456 #K178UO
2018-04-02,817.14,Credit Card Payment,credit,4,UNKNOWN MERCHANT #RJ0345
2018-04-02,817.14,Credit Card Payment,debit,4,UNKNOWN MERCHANT #0VH43D
2018-04-02,82.36,Grocery Store,debit,10,WALMART SUPERCENTER #XC95UO
2018-04-02,13.89,Hardware Store,debit,12,MENARDS ROCKFORD #TXXNLN
2018-04-02,1247.44,Mortgage Payment,debit,15,APARTMENT RENT PAYMENT #H2Z984
2018-04-03,6.41,Amazon Video,debit,16,FANDANGO MOVIE PURCHASE #G0KFFD
2018-04-04,363.08,Credit Card Payment,credit,4,UNKNOWN MERCHANT #C52PM9
2018-04-04,363.08,Credit Card Payment,debit,4,UNKNOWN MERCHANT #1J0ZYU
2018-04-04,11.76,Netflix,debit,16,REGAL CINEMAS #Y3Z3JG
2018-04-06,4.58,Chevron,debit,9,CASEY'S GENERAL STORE 6672 #I3PPMX
2018-04-06,9.76,Tiny Deli,debit,19,OLIVE GARDEN 4452 #V5DAB4
2018-04-08,22.0,Irish Pub,debit,19,OLIVE GARDEN 4452 #A6TTFQ
2018-04-09,6.48,Blue Sky Market,debit,10,WALMART SUPERCENTER #OPKSR3
2018-04-09,10.69,Spotify,debit,17,SPOTIFY PREMIUM #SFP52B
2018-04-09,30.0,Gas Company,debit,22,NATURAL GAS SERVICE #8D1JD9
2018-04-11,89.52,Phone Company,debit,14,AT&T MOBILE SERVICE #CQHUSY
2018-04-12,7.0,Starbucks,debit,3,SQ *STARBUCKS STORE 1123 #YOZZ9H
2018-04-12,30.0,Barbershop,debit,11,SPORT CLIPS HAIRCUT #M22NEV
2018-04-13,37.98,BP,debit,9,SHELL OIL #1QG3ZN
2018-04-13,2000.0,Biweekly Paycheck,credit,18,UNKNOWN MERCHANT #KJ1DJB
2018-04-13,10.66,American Tavern,debit,19,OLIVE GARDEN 4452 #2XUSR8
2018-04-14,11.61,Hardware Store,debit,12,HOME DEPOT 5244 #G9OOSC
2018-04-14,41.0,American Tavern,debit,19,CHILI'S GRILL & BAR #6ARYQY
2018-04-16,75.0,State Farm,debit,2,STATE FARM AUTO BILL #D69T1R
2018-04-16,35.0,City Water Charges,debit,22,WATER DEPARTMENT PAYMENT #A4E1W4
2018-04-18,60.0,Power Company,debit,22,NATURAL GAS SERVICE #O1JW8R
2018-04-20,24.22,Thai Restaurant,debit,19,OLIVE GARDEN 4452 #KSGXGE
2018-04-21,4.32,Grocery Store,debit,10,TARGET GROCERY #4LKB2N
2018-04-21,35.15,American Tavern,debit,19,CHILI'S GRILL & BAR #0DGYJN
2018-04-22,21.32,Grocery Store,debit,10,JEWEL-OSCO #3S1UJ2
2018-04-23,42.7,Hardware Store,debit,12,MENARDS ROCKFORD #7Y89GI
2018-04-24,224.7,Hardware Store,debit,12,LOWE'S STORE 8832 #HXSEKA
2018-04-24,41.34,Amazon,debit,20,WALMART ONLINE ORDER #I4RYLD
2018-04-25,210.79,Hardware Store,debit,12,MENARDS ROCKFORD #W1458H
2018-04-25,74.99,Internet Service Provider,debit,13,CHARTER SPECTRUM #N0HHWH
2018-04-26,769.72,Credit Card Payment,credit,4,UNKNOWN MERCHANT #66YL79
2018-04-26,1216.94,Credit Card Payment,credit,4,UNKNOWN MERCHANT #5NMQ73
2018-04-26,1216.94,Credit Card Payment,debit,4,UNKNOWN MERCHANT #P6FVX9
2018-04-27,769.72,Credit Card Payment,debit,4,UNKNOWN MERCHANT #X2N8X2
2018-04-27,2000.0,Biweekly Paycheck,credit,18,UNKNOWN MERCHANT #M7GYXU
2018-04-28,22.98,Grocery Store,debit,10,JEWEL-OSCO #DJWQCJ
2018-04-29,39.0,QuikTrip,debit,9,SHELL OIL #DN70QO
2018-04-29,51.05,Grocery Store,debit,10,TARGET GROCERY #2OHZS7
2018-04-29,68.47,Hardware Store,debit,12,MENARDS ROCKFORD #UJE03J
2018-04-30,5.09,Grocery Store,debit,10,JEWEL-OSCO #KBZ836
2018-05-01,13.13,Amazon,debit,20,TARGET STORE 1456 #RC4CEG
2018-05-02,1247.44,Mortgage Payment,debit,15,ZILLOW RENT PORTAL #SZ7VB0
2018-05-03,49.72,Amazon,debit,20,AMAZON.COM PURCHASE #SGULRL
2018-05-04,42.23,Grocery Store,debit,10,TARGET GROCERY #O1I5UH
2018-05-04,11.76,Netflix,debit,16,REGAL CINEMAS #QVOXEH
2018-05-05,7.27,Bojangles,debit,7,TACO BELL #2231 #CASPMZ
2018-05-05,20.52,Pizza Place,debit,7,MCDONALD'S #18452 #ITXFLL
2018-05-06,22.37,Hardware Store,debit,12,MENARDS ROCKFORD #7YZ07V
2018-05-06,117.69,Amazon,debit,20,WALMART ONLINE ORDER #3O3MTQ
2018-05-09,601.4,Credit Card Payment,credit,4,UNKNOWN MERCHANT #FQUSJD
2018-05-09,601.4,Credit Card Payment,debit,4,UNKNOWN MERCHANT #SKEXH4
2018-05-09,10.69,Spotify,debit,17,YOUTUBE MUSIC #B78RF1
2018-05-09,30.0,Gas Company,debit,22,WATER DEPARTMENT PAYMENT #C3WO0Z
2018-05-10,111.18,Phone Company,debit,14,VERIZON WIRELESS BILL #JKFNYI
2018-05-11,57.32,Grocery Store,debit,10,WALMART SUPERCENTER #PTQBGH
2018-05-11,2000.0,Biweekly Paycheck,credit,18,UNKNOWN MERCHANT #H2J7KN
2018-05-11,8000.0,Mike's Construction Co.,debit,12,LOWE'S STORE 8832 #U08FIC
2018-05-12,27.77,Liquor Store,debit,1,RED LANTERN PUB #GVFLQH
2018-05-12,33.3,Shell,debit,9,CASEY'S GENERAL STORE 6672 #G70RRO
2018-05-12,78.0,Fancy Restaurant,debit,19,LOCAL DINER PURCHASE #2P47XB
2018-05-14,67.63,Grocery Store,debit,10,WALMART SUPERCENTER #QCUFO8
2018-05-15,60.0,Power Company,debit,22,WATER DEPARTMENT PAYMENT #3MW4PZ
2018-05-17,29.0,Barbershop,debit,11,LOCAL BARBER SHOP #ZLGFRJ
2018-05-17,35.0,City Water Charges,debit,22,WATER DEPARTMENT PAYMENT #TCLO5I
2018-05-18,75.0,State Farm,debit,2,STATE FARM AUTO BILL #XI1XJA
2018-05-18,6.41,Amazon,debit,20,TARGET STORE 1456 #JWMI5Q
2018-05-19,207.08,Credit Card Payment,credit,4,UNKNOWN MERCHANT #ZC7Q3Z
2018-05-19,31.0,Grocery Store,debit,10,WALMART SUPERCENTER #W7BCJL
2018-05-19,23.26,Greek Restaurant,debit,19,LOCAL DINER PURCHASE #HN7SNQ
2018-05-21,283.07,Credit Card Payment,credit,4,UNKNOWN MERCHANT #GLBBTJ
2018-05-21,26.04,Thai Restaurant,debit,19,LOCAL DINER PURCHASE #O485SE
2018-05-21,32.5,Amazon,debit,20,WALMART ONLINE ORDER #5NY5QQ
2018-05-22,283.07,Credit Card Payment,debit,4,UNKNOWN MERCHANT #ANXK84
2018-05-24,39.44,BP,debit,9,MOBIL FUEL STATION #Q64CIE
2018-05-25,74.99,Internet Service Provider,debit,13,COMCAST XFINITY BILL #BZVTMR
2018-05-25,2000.0,Biweekly Paycheck,credit,18,UNKNOWN MERCHANT #91TC1P
2018-05-28,9.62,Movie Theater,debit,6,NETFLIX.COM #TADJZX
2018-05-28,91.03,Grocery Store,debit,10,TARGET GROCERY #YDR7PA
2018-05-29,20.0,Movie Theater,debit,16,REGAL CINEMAS #JVN1WV
2018-05-29,6.25,Movie Theater,debit,16,FANDANGO MOVIE PURCHASE #Q42DMK
2018-06-01,38.63,BP,debit,9,CASEY'S GENERAL STORE 6672 #2WVZBW
2018-06-01,6.11,Grocery Store,debit,10,TARGET GROCERY #XKBV7P
2018-06-01,13.13,Amazon,debit,20,WALMART ONLINE ORDER #NFOYDS
2018-06-02,235.18,Credit Card Payment,credit,4,UNKNOWN MERCHANT #DVEU17
2018-06-02,466.36,Credit Card Payment,credit,4,UNKNOWN MERCHANT #4BDN2Q
2018-06-03,65.81,Italian Restaurant,debit,19,OLIVE GARDEN 4452 #HAPR7S
2018-06-04,235.18,Credit Card Payment,debit,4,UNKNOWN MERCHANT #YSUOGB
2018-06-04,24.12,Grocery Store,debit,10,JEWEL-OSCO #Y6GF2W
2018-06-04,1247.44,Mortgage Payment,debit,15,APARTMENT RENT PAYMENT #OHPMCH
2018-06-04,11.76,Netflix,debit,16,REGAL CINEMAS #ZS4904
2018-06-06,4.0,Starbucks,debit,3,DUNKIN #34567 #VJ6A0Y
2018-06-08,2000.0,Biweekly Paycheck,credit,18,UNKNOWN MERCHANT #Y33F0I
2018-06-08,30.0,Gas Company,debit,22,WATER DEPARTMENT PAYMENT #L6ATFY
2018-06-09,16.18,Chick-Fil-A,debit,7,MCDONALD'S #18452 #JERLFL
2018-06-09,9.56,Grocery Store,debit,10,JEWEL-OSCO #4AMYC6
2018-06-09,10.69,Spotify,debit,17,APPLE MUSIC SUBSCRIPTION #WKHMLX
2018-06-10,46.01,Grocery Store,debit,10,JEWEL-OSCO #CLMAF8
2018-06-12,12.55,Grocery Store,debit,10,TARGET GROCERY #U0XF0E
2018-06-12,89.46,Phone Company,debit,14,AT&T MOBILE SERVICE #4S47GU
2018-06-14,283.44,Credit Card Payment,credit,4,UNKNOWN MERCHANT #JYGJYG
2018-06-14,283.44,Credit Card Payment,debit,4,UNKNOWN MERCHANT #FHAX8L
2018-06-14,7.02,Grocery Store,debit,10,TARGET GROCERY #2JY3PO
2018-06-15,60.0,Power Company,debit,22,NATURAL GAS SERVICE #0LP7ZQ
2018-06-16,3.0,Starbucks,debit,3,PEET'S COFFEE ROASTERS #4UVQFZ
2018-06-16,22.66,Pizza Place,debit,7,CHIPOTLE MEXICAN GRILL #6YE556
2018-06-16,13.9,Grocery Store,debit,10,TARGET GROCERY #D3KE9O
2018-06-18,35.0,City Water Charges,debit,22,CITY ELECTRIC BILL #6D72PN
2018-06-19,38.52,Shell,debit,9,CASEY'S GENERAL STORE 6672 #Z7DW9J
2018-06-19,2.69,Grocery Store,debit,10,WALMART SUPERCENTER #MFGVG6
2018-06-20,75.0,State Farm,debit,2,GEICO INSURANCE PAYMENT #8W82L7
2018-06-20,89.45,Credit Card Payment,credit,4,UNKNOWN MERCHANT #57ZT65
2018-06-20,30.0,Barbershop,debit,11,LOCAL BARBER SHOP #AD8PKJ
2018-06-21,89.45,Credit Card Payment,debit,4,UNKNOWN MERCHANT #VQVH9R
2018-06-22,2000.0,Biweekly Paycheck,credit,18,UNKNOWN MERCHANT #CTIYBV
2018-06-23,8.5,Brunch Restaurant,debit,19,LOCAL DINER PURCHASE #C97GGB
2018-06-23,74.97,Amazon,debit,20,AMAZON.COM PURCHASE #9IJQ2Q
2018-06-25,942.76,Credit Card Payment,credit,4,UNKNOWN MERCHANT #OLAOW6
2018-06-25,942.76,Credit Card Payment,debit,4,UNKNOWN MERCHANT #VOQBTQ
2018-06-25,74.99,Internet Service Provider,debit,13,COMCAST XFINITY BILL #8SROEA
2018-06-26,9.62,Grocery Store,debit,10,JEWEL-OSCO #YP6J0I
2018-06-27,3.5,Starbucks,debit,3,PEET'S COFFEE ROASTERS #4OAM8Y
2018-06-27,22.66,Pizza Place,debit,7,CHIPOTLE MEXICAN GRILL #D73Y0H
2018-06-28,7.57,Grocery Store,debit,10,TARGET GROCERY #TCEDJJ
2018-07-01,13.13,Amazon,debit,20,TARGET STORE 1456 #I8TCIK
2018-07-02,1247.44,Mortgage Payment,debit,15,APARTMENT RENT PAYMENT #4F8N9K
2018-07-02,25.0,Movie Theater,debit,16,AMC THEATERS TICKET #4D1GF9
2018-07-02,36.44,American Tavern,debit,19,OLIVE GARDEN 4452 #JGQ5HD
2018-07-04,34.48,BP,debit,9,SHELL OIL #HBJ5AJ
2018-07-04,11.76,Netflix,debit,16,FANDANGO MOVIE PURCHASE #VR1SPG
2018-07-05,44.25,Grocery Store,debit,10,JEWEL-OSCO #VK0PGZ
2018-07-05,212.32,Amazon,debit,20,WALMART ONLINE ORDER #2VHPN6
2018-07-06,6.41,Amazon Video,debit,16,AMC THEATERS TICKET #EYMYT8
2018-07-06,2000.0,Biweekly Paycheck,credit,18,UNKNOWN MERCHANT #8122SQ
2018-07-08,259.87,Credit Card Payment,credit,4,UNKNOWN MERCHANT #YANBG7
2018-07-09,242.16,Credit Card Payment,credit,4,UNKNOWN MERCHANT #GSZ1WH
2018-07-09,259.87,Credit Card Payment,debit,4,UNKNOWN MERCHANT #1R9L9L
2018-07-09,10.69,Spotify,debit,17,SPOTIFY PREMIUM #HCOLZS
2018-07-10,242.16,Credit Card Payment,debit,4,UNKNOWN MERCHANT #XIHNMX
2018-07-10,5.39,Grocery Store,debit,10,JEWEL-OSCO #AOZPLX
2018-07-10,30.0,Gas Company,debit,22,CITY ELECTRIC BILL #TWHFKV
2018-07-11,89.46,Phone Company,debit,14,VERIZON WIRELESS BILL #N29VXU
2018-07-14,33.51,Go Mart,debit,9,MOBIL FUEL STATION #CNIKFC
2018-07-15,36.24,Circle K,debit,9,SHELL OIL #OA94IT
2018-07-17,15.23,Wendy's,debit,7,MCDONALD'S #18452 #HRYPN6
2018-07-17,35.0,City Water Charges,debit,22,NATURAL GAS SERVICE #T7JR3I
2018-07-17,60.0,Power Company,debit,22,WATER DEPARTMENT PAYMENT #SZHB3H
2018-07-18,28.54,Irish Restaurant,debit,1,TIPSY TAP BAR & GRILL #UK6H4M
2018-07-18,75.0,State Farm,debit,2,STATE FARM AUTO BILL #H44RVB
2018-07-20,61.43,Credit Card Payment,credit,4,UNKNOWN MERCHANT #DHSY9K
2018-07-20,102.88,Credit Card Payment,credit,4,UNKNOWN MERCHANT #VKAFYH
2018-07-20,102.88,Credit Card Payment,debit,4,UNKNOWN MERCHANT #MPYTRV
2018-07-20,2000.0,Biweekly Paycheck,credit,18,UNKNOWN MERCHANT #JVD6HI
2018-07-21,28.93,Grocery Store,debit,10,TARGET GROCERY #DDLPLL
2018-07-21,30.0,Barbershop,debit,11,LOCAL BARBER SHOP #Q09JLN
2018-07-23,61.43,Credit Card Payment,debit,4,UNKNOWN MERCHANT #2VLHJQ
2018-07-23,9.58,Starbucks,debit,7,MCDONALD'S #18452 #K6GDTC
2018-07-24,26.59,American Tavern,debit,19,CHILI'S GRILL & BAR #GPFPFK
2018-07-25,74.99,Internet Service Provider,debit,13,CHARTER SPECTRUM #65RMAI
2018-07-26,33.67,Conoco,debit,9,SHELL OIL #5Q08FK
2018-07-28,7.61,Grocery Store,debit,10,TARGET GROCERY #MZPI4J
2018-07-30,34.38,American Tavern,debit,19,LOCAL DINER PURCHASE #ZY42ZM
2018-07-31,6.6,Brewing Company,debit,1,TIPSY TAP BAR & GRILL #LG41VB
2018-08-01,13.13,Amazon,debit,20,WALMART ONLINE ORDER #MZDUDV
2018-08-02,816.27,Credit Card Payment,credit,4,UNKNOWN MERCHANT #2I8OUY
2018-08-02,40.44,Shell,debit,9,SHELL OIL #FJFS5G
2018-08-02,1247.44,Mortgage Payment,debit,15,APARTMENT RENT PAYMENT #6GEP9N
2018-08-03,6.27,Grocery Store,debit,10,JEWEL-OSCO #EKCEJ2
2018-08-03,2000.0,Biweekly Paycheck,credit,18,UNKNOWN MERCHANT #UOT4BK
2018-08-04,11.76,Netflix,debit,16,AMC THEATERS TICKET #UOQGVL
2018-08-06,76.47,Amazon,debit,20,WALMART ONLINE ORDER #AL17RG
2018-08-09,10.69,Spotify,debit,17,YOUTUBE MUSIC #QT8GA9
2018-08-09,30.0,Gas Company,debit,22,WATER DEPARTMENT PAYMENT #YS4GV6
2018-08-10,89.4,Phone Company,debit,14,VERIZON WIRELESS BILL #OVHVRF
2018-08-11,13.67,Chick-Fil-A,debit,7,TACO BELL #2231 #LIDZKK
2018-08-11,33.66,Valero,debit,9,SHELL OIL #A64XIY
2018-08-15,269.56,Credit Card Payment,credit,4,UNKNOWN MERCHANT #OJV4PR
2018-08-15,159.38,Credit Card Payment,credit,4,UNKNOWN MERCHANT #UO6TWQ
2018-08-15,41.07,Shell,debit,9,CASEY'S GENERAL STORE 6672 #8PPT2W
2018-08-15,5.64,Grocery Store,debit,10,WALMART SUPERCENTER #0O88CL
2018-08-15,60.0,Power Company,debit,22,NATURAL GAS SERVICE #BZRJXW
2018-08-16,269.56,Credit Card Payment,debit,4,UNKNOWN MERCHANT #HS509P
2018-08-16,35.0,City Water Charges,debit,22,NATURAL GAS SERVICE #2V48RJ
2018-08-17,2000.0,Biweekly Paycheck,credit,18,UNKNOWN MERCHANT #2FNC6T
2018-08-17,14.98,Amazon,debit,20,WALMART ONLINE ORDER #6MFUN5
2018-08-18,23.47,Amazon,debit,20,WALMART ONLINE ORDER #66BWTW
2018-08-20,75.0,State Farm,debit,2,PROGRESSIVE INSURANCE #DTK4YH
2018-08-21,34.18,Credit Card Payment,credit,4,UNKNOWN MERCHANT #GNLM0K
2018-08-21,99.76,Credit Card Payment,credit,4,UNKNOWN MERCHANT #P91D4N
2018-08-21,99.76,Credit Card Payment,debit,4,UNKNOWN MERCHANT #300XME
2018-08-22,34.18,Credit Card Payment,debit,4,UNKNOWN MERCHANT #VEMBZ7
2018-08-24,42.31,American Tavern,debit,19,CHILI'S GRILL & BAR #YGRB0L
2018-08-27,74.99,Internet Service Provider,debit,13,CHARTER SPECTRUM #MN4VU6
2018-08-30,35.65,Shell,debit,9,CASEY'S GENERAL STORE 6672 #65SO8G
2018-08-31,11.64,Grocery Store,debit,10,TARGET GROCERY #5WKV4A
2018-08-31,2000.0,Biweekly Paycheck,credit,18,UNKNOWN MERCHANT #V5BBYP
2018-09-01,47.4,Brewing Company,debit,1,TIPSY TAP BAR & GRILL #7VZ28T
2018-09-01,13.13,Amazon,debit,20,AMAZON.COM PURCHASE #CUI5OL
2018-09-02,109.83,Amazon,debit,20,WALMART ONLINE ORDER #4D80YS
2018-09-04,687.29,Credit Card Payment,credit,4,UNKNOWN MERCHANT #998KG2
2018-09-04,687.29,Credit Card Payment,debit,4,UNKNOWN MERCHANT #JECCMF
2018-09-04,1247.44,Mortgage Payment,debit,15,MORTGAGE LOAN PAYMENT #5TWI1S
2018-09-04,11.76,Netflix,debit,16,FANDANGO MOVIE PURCHASE #VMDBUG
2018-09-07,30.0,Gas Company,debit,22,CITY ELECTRIC BILL #LIL4X5
2018-09-09,18.0,Brewing Company,debit,1,MIXOLOGY LOUNGE #SKZ66N
2018-09-09,10.69,Spotify,debit,17,APPLE MUSIC SUBSCRIPTION #V65X4M
2018-09-11,38.86,BP,debit,9,SHELL OIL #69N6BO
2018-09-11,7.87,Grocery Store,debit,10,TARGET GROCERY #GO2YEC
2018-09-12,47.16,Grocery Store,debit,10,JEWEL-OSCO #3GXVC1
2018-09-12,89.4,Phone Company,debit,14,VERIZON WIRELESS BILL #Q1NCF2
2018-09-13,5.64,Grocery Store,debit,10,WALMART SUPERCENTER #I68DO2
2018-09-14,134.34,Credit Card Payment,credit,4,UNKNOWN MERCHANT #NAK0QZ
2018-09-14,2000.0,Biweekly Paycheck,credit,18,UNKNOWN MERCHANT #714R9X
2018-09-17,10.17,Grocery Store,debit,10,JEWEL-OSCO #QP0MB3
2018-09-17,8.8,Grocery Store,debit,10,TARGET GROCERY #INCKA4
2018-09-17,35.0,City Water Charges,debit,22,NATURAL GAS SERVICE #R5CL0E
2018-09-18,4.32,Grocery Store,debit,10,TARGET GROCERY #1LDI8L
2018-09-18,60.0,Power Company,debit,22,CITY ELECTRIC BILL #C8XKN7
2018-09-19,75.0,State Farm,debit,2,GEICO INSURANCE PAYMENT #5MJNXI
2018-09-19,30.0,Barbershop,debit,11,LOCAL BARBER SHOP #KQC4XD
2018-09-20,47.38,Amazon,debit,20,TARGET STORE 1456 #M4LJCL
2018-09-22,69.4,Hardware Store,debit,12,MENARDS ROCKFORD #SEDU1H
2018-09-22,6.83,Hardware Store,debit,12,LOWE'S STORE 8832 #AQLE6B
2018-09-25,74.99,Internet Service Provider,debit,13,AT&T INTERNET SERVICE #XS8OCY
2018-09-25,48.64,Sushi Restaurant,debit,19,CHILI'S GRILL & BAR #Q2LXF4
2018-09-26,5.0,Starbucks,debit,3,DUNKIN #34567 #8DWYK7
2018-09-26,38.0,Exxon,debit,9,CASEY'S GENERAL STORE 6672 #IQY5BZ
2018-09-27,40.71,Valero,debit,9,CASEY'S GENERAL STORE 6672 #YVLD0J
2018-09-28,128.12,Credit Card Payment,credit,4,UNKNOWN MERCHANT #7WTTTX
2018-09-28,284.96,Credit Card Payment,credit,4,UNKNOWN MERCHANT #VFE7VU
2018-09-28,284.96,Credit Card Payment,debit,4,UNKNOWN MERCHANT #NOPL6V
2018-09-28,13.36,Grocery Store,debit,10,JEWEL-OSCO #5NVQOU
2018-09-28,2000.0,Biweekly Paycheck,credit,18,UNKNOWN MERCHANT #KONLBF
2018-09-29,23.26,Greek Restaurant,debit,19,CHILI'S GRILL & BAR #P5N546
2018-09-29,46.7,German Restaurant,debit,19,CHILI'S GRILL & BAR #Q588X5
2018-10-01,3.0,Starbucks,debit,3,SQ *STARBUCKS STORE 1123 #JVZ2RO
2018-10-01,128.12,Credit Card Payment,debit,4,UNKNOWN MERCHANT #G7YJCH
2018-10-01,15.66,Grocery Store,debit,10,TARGET GROCERY #LIZP5A
2018-10-01,13.13,Amazon,debit,20,TARGET STORE 1456 #8TTT7T
2018-10-02,124.03,Credit Card Payment,credit,4,UNKNOWN MERCHANT #1CVXP3
2018-10-02,124.03,Credit Card Payment,debit,4,UNKNOWN MERCHANT #OAVH6J
2018-10-02,1209.18,Mortgage Payment,debit,15,MORTGAGE LOAN PAYMENT #YEQ8G3
2018-10-04,11.76,Netflix,debit,16,FANDANGO MOVIE PURCHASE #PP3ESZ
2018-10-06,27.0,American Tavern,debit,19,CHILI'S GRILL & BAR #4E8IOP
2018-10-08,38.06,Shell,debit,9,CASEY'S GENERAL STORE 6672 #MEXOBN
2018-10-08,80.65,Hardware Store,debit,12,MENARDS ROCKFORD #VX82DH
2018-10-08,31.2,Hardware Store,debit,12,HOME DEPOT 5244 #SB60XI
2018-10-09,10.69,Spotify,debit,17,APPLE MUSIC SUBSCRIPTION #L97NQ0
2018-10-09,19.98,Amazon,debit,20,AMAZON.COM PURCHASE #ACV4U5
2018-10-09,30.0,Gas Company,debit,22,WATER DEPARTMENT PAYMENT #C6WFFQ
2018-10-10,53.68,Grocery Store,debit,10,WALMART SUPERCENTER #VTGWWX
2018-10-11,89.4,Phone Company,debit,14,T-MOBILE PAYMENT #Y7OOJW
2018-10-12,2000.0,Biweekly Paycheck,credit,18,UNKNOWN MERCHANT #K5PUW3
2018-10-16,60.0,Power Company,debit,22,WATER DEPARTMENT PAYMENT #2AY3KV
2018-10-17,35.0,City Water Charges,debit,22,CITY ELECTRIC BILL #S380FF
2018-10-18,75.0,State Farm,debit,2,PROGRESSIVE INSURANCE #4F1BMY
2018-10-18,33.55,Grocery Store,debit,10,WALMART SUPERCENTER #BK7B4U
2018-10-18,45.24,Hardware Store,debit,12,HOME DEPOT 5244 #NXHJG1
2018-10-18,8.0,Brunch Restaurant,debit,19,OLIVE GARDEN 4452 #6G0JTA
2018-10-21,544.37,Credit Card Payment,credit,4,UNKNOWN MERCHANT #9G80DP
2018-10-22,353.83,Credit Card Payment,credit,4,UNKNOWN MERCHANT #36JOT4
2018-10-22,353.83,Credit Card Payment,debit,4,UNKNOWN MERCHANT #TY50NS
2018-10-22,34.66,BP,debit,9,SHELL OIL #HI3NHS
2018-10-23,7.57,Grocery Store,debit,10,JEWEL-OSCO #UKBMP4
2018-10-25,74.99,Internet Service Provider,debit,13,COMCAST XFINITY BILL #A8NA0B
2018-10-25,29.98,Amazon,debit,20,TARGET STORE 1456 #VTGJSJ
2018-10-26,2000.0,Biweekly Paycheck,credit,18,UNKNOWN MERCHANT #JW08G4
2018-10-27,25.4,American Tavern,debit,19,LOCAL DINER PURCHASE #LAUUAQ
2018-10-28,12.71,Brewing Company,debit,1,MIXOLOGY LOUNGE #WQ312L
2018-10-28,14.75,Seafood Restaurant,debit,8,UNKNOWN MERCHANT #Z9ZSE4
2018-10-28,92.49,Grocery Store,debit,10,JEWEL-OSCO #60L5S4
2018-10-28,54.0,Italian Restaurant,debit,19,LOCAL DINER PURCHASE #9EWMUL
2018-10-31,5.64,Grocery Store,debit,10,WALMART SUPERCENTER #37SDKN
2018-11-01,13.13,Amazon,debit,20,AMAZON.COM PURCHASE #QKKI1H
2018-11-02,262.51,Credit Card Payment,credit,4,UNKNOWN MERCHANT #L5T8P3
2018-11-02,262.51,Credit Card Payment,debit,4,UNKNOWN MERCHANT #WCGOPG
2018-11-02,1209.18,Mortgage Payment,debit,15,ZILLOW RENT PORTAL #CAIQ7D
2018-11-03,23.66,Pizza Place,debit,7,CHIPOTLE MEXICAN GRILL #TVAHQW
2018-11-04,11.76,Netflix,debit,16,FANDANGO MOVIE PURCHASE #O4DMA9
2018-11-05,36.51,Shell,debit,9,MOBIL FUEL STATION #E1NMVA
2018-11-06,53.95,Amazon,debit,20,AMAZON.COM PURCHASE #VW19AG
2018-11-06,30.0,Gas Company,debit,22,WATER DEPARTMENT PAYMENT #HQ0SBZ
2018-11-08,5.64,Grocery Store,debit,10,TARGET GROCERY #3TSEYA
2018-11-09,10.69,Spotify,debit,17,APPLE MUSIC SUBSCRIPTION #HAR6A0
2018-11-09,2000.0,Biweekly Paycheck,credit,18,UNKNOWN MERCHANT #27YSI2
2018-11-10,27.0,Brewing Company,debit,1,RED LANTERN PUB #RLBBTC
2018-11-10,14.19,Chick-Fil-A,debit,7,MCDONALD'S #18452 #52YJ3Y
2018-11-10,24.4,Food Truck,debit,10,WALMART SUPERCENTER #2263JX
2018-11-12,10.18,Grocery Store,debit,10,WALMART SUPERCENTER #RMXJ7F
2018-11-12,22.33,American Tavern,debit,19,OLIVE GARDEN 4452 #TFY84S
2018-11-13,4.8,Grocery Store,debit,10,JEWEL-OSCO #MP0BUX
2018-11-13,37.43,Grocery Store,debit,10,WALMART SUPERCENTER #GHAEHN
2018-11-13,10.15,Grocery Store,debit,10,JEWEL-OSCO #HWSLXM
2018-11-13,89.54,Phone Company,debit,14,T-MOBILE PAYMENT #YOZUB6
2018-11-14,60.0,Power Company,debit,22,WATER DEPARTMENT PAYMENT #87FPUB
2018-11-16,35.0,City Water Charges,debit,22,NATURAL GAS SERVICE #SOAID8
2018-11-17,22.8,Brewing Company,debit,1,MIXOLOGY LOUNGE #Z9IQVS
2018-11-17,15.47,Hardware Store,debit,12,HOME DEPOT 5244 #YYUF2S
2018-11-17,6.4,Hardware Store,debit,12,MENARDS ROCKFORD #FBGEP7
2018-11-17,23.26,Greek Restaurant,debit,19,CHILI'S GRILL & BAR #GMIUJR
2018-11-19,20.0,Brewing Company,debit,1,TIPSY TAP BAR & GRILL #W7G2Y4
2018-11-19,29.15,QuikTrip,debit,9,MOBIL FUEL STATION #LC48MI
2018-11-19,10.02,Hardware Store,debit,12,MENARDS ROCKFORD #869LH5
2018-11-20,75.0,State Farm,debit,2,STATE FARM AUTO BILL #LPSFX9
2018-11-20,421.96,Credit Card Payment,credit,4,UNKNOWN MERCHANT #H1YFZI
2018-11-21,5.64,Grocery Store,debit,10,JEWEL-OSCO #6BIK1C
2018-11-21,37.41,Hardware Store,debit,12,HOME DEPOT 5244 #UUKLCP
2018-11-23,2000.0,Biweekly Paycheck,credit,18,UNKNOWN MERCHANT #PMC6WX
2018-11-26,16.8,American Tavern,debit,1,MIXOLOGY LOUNGE #HKILM3
2018-11-26,74.99,Internet Service Provider,debit,13,AT&T INTERNET SERVICE #9RFFDD
2018-11-27,17.0,Movie Theater,debit,16,REGAL CINEMAS #ERTPAS
2018-11-27,28.4,American Tavern,debit,19,CHILI'S GRILL & BAR #FVY7LG
2018-11-29,582.99,Credit Card Payment,credit,4,UNKNOWN MERCHANT #UWOI37
2018-11-29,751.5,Credit Card Payment,credit,4,UNKNOWN MERCHANT #1LNOWB
2018-11-30,582.99,Credit Card Payment,debit,4,UNKNOWN MERCHANT #9NY6NZ
2018-11-30,6.27,Grocery Store,debit,10,JEWEL-OSCO #54WB00
2018-12-01,5.64,Grocery Store,debit,10,WALMART SUPERCENTER #TZOR2A
2018-12-01,8.0,Brunch Restaurant,debit,19,LOCAL DINER PURCHASE #VS8FKI
2018-12-01,13.13,Amazon,debit,20,TARGET STORE 1456 #6ARUUS
2018-12-03,30.03,BP,debit,9,SHELL OIL #1SH5FV
2018-12-03,148.15,Grocery Store,debit,10,TARGET GROCERY #1YY1KJ
2018-12-03,1209.18,Mortgage Payment,debit,15,MORTGAGE LOAN PAYMENT #420CI2
2018-12-04,3.0,Starbucks,debit,3,DUNKIN #34567 #VSERQ3
2018-12-04,20.65,Latin Restaurant,debit,7,TACO BELL #2231 #R4RARD
2018-12-04,11.76,Netflix,debit,16,REGAL CINEMAS #JE6PHD
2018-12-06,21.38,Grocery Store,debit,10,JEWEL-OSCO #IY6KVU
2018-12-06,13.48,Grocery Store,debit,10,TARGET GROCERY #JRAIEC
2018-12-06,40.0,Gas Company,debit,22,CITY ELECTRIC BILL #A7HI7V
2018-12-07,30.0,Barbershop,debit,11,LOCAL BARBER SHOP #0JRUU3
2018-12-07,2000.0,Biweekly Paycheck,credit,18,UNKNOWN MERCHANT #ECUYIH
2018-12-08,12.64,Grocery Store,debit,10,TARGET GROCERY #P9N8PQ
2018-12-09,10.69,Spotify,debit,17,SPOTIFY PREMIUM #QYUEIG
2018-12-11,10.29,Brunch Restaurant,debit,19,CHILI'S GRILL & BAR #WHHQJY
2018-12-12,89.54,Phone Company,debit,14,T-MOBILE PAYMENT #MMMA24
2018-12-13,27.0,Thai Restaurant,debit,19,CHILI'S GRILL & BAR #8PEJKG
2018-12-14,21.39,Grocery Store,debit,10,WALMART SUPERCENTER #15DPBU
2018-12-14,17.1,Hardware Store,debit,12,HOME DEPOT 5244 #0IS0AM
2018-12-14,60.0,Power Company,debit,22,WATER DEPARTMENT PAYMENT #XSZ5JL
2018-12-17,63.0,American Tavern,debit,8,UNKNOWN MERCHANT #NRFUCI
2018-12-17,20.01,BP,debit,9,MOBIL FUEL STATION #PJXHCF
2018-12-17,35.0,City Water Charges,debit,22,CITY ELECTRIC BILL #KHW6IA
2018-12-18,3.0,Starbucks,debit,3,DUNKIN #34567 #0OM2ZB
2018-12-18,311.02,Credit Card Payment,credit,4,UNKNOWN MERCHANT #IHAL84
2018-12-18,311.02,Credit Card Payment,debit,4,UNKNOWN MERCHANT #BVX3KG
2018-12-18,56.52,Fancy Restaurant,debit,19,OLIVE GARDEN 4452 #LLVZDH
2018-12-18,49.99,Amazon,debit,20,WALMART ONLINE ORDER #14HZEY
2018-12-18,41.72,Amazon,debit,20,AMAZON.COM PURCHASE #78ZDQ1
2018-12-18,24.3,Amazon,debit,20,WALMART ONLINE ORDER #V97LX0
2018-12-19,75.0,State Farm,debit,2,STATE FARM AUTO BILL #HJLJFD
2018-12-19,43.01,Amazon,debit,20,AMAZON.COM PURCHASE #W4AGTS
2018-12-20,464.03,Credit Card Payment,credit,4,UNKNOWN MERCHANT #CKQF0K
2018-12-20,30.38,Shell,debit,9,CASEY'S GENERAL STORE 6672 #VOFHB9
2018-12-21,464.03,Credit Card Payment,debit,4,UNKNOWN MERCHANT #V9FIGC
2018-12-21,2000.0,Biweekly Paycheck,credit,18,UNKNOWN MERCHANT #S6Y33P
2018-12-22,21.38,New York Deli,debit,7,MCDONALD'S #18452 #PD1Q1U
2018-12-22,22.14,Hardware Store,debit,12,MENARDS ROCKFORD #2KSNBC
2018-12-23,28.0,Hardware Store,debit,12,MENARDS ROCKFORD #C7I0KQ
2018-12-24,38.4,Hardware Store,debit,12,MENARDS ROCKFORD #11VD3X
2018-12-26,56.07,Chick-Fil-A,debit,7,MCDONALD'S #18452 #PGYOJK
2018-12-26,32.47,Shell,debit,9,MOBIL FUEL STATION #75TW2Q
2018-12-26,7.48,Shell,debit,9,SHELL OIL #T6LQOF
2018-12-26,75.99,Internet Service Provider,debit,13,CHARTER SPECTRUM #OB92BY
2018-12-26,44.99,Amazon,debit,20,AMAZON.COM PURCHASE #H5HMUE
2018-12-28,12.0,Brewing Company,debit,1,RED LANTERN PUB #7IT3B1
2018-12-29,14.0,Brewing Company,debit,1,RED LANTERN PUB #Z9U1DE
2018-12-29,860.05,Credit Card Payment,credit,4,UNKNOWN MERCHANT #XNRVU6
2018-12-29,55.04,Grocery Store,debit,10,JEWEL-OSCO #736EWZ
2019-01-01,13.09,Amazon,debit,20,TARGET STORE 1456 #VGW1FC
2019-01-02,499.6,Credit Card Payment,debit,4,UNKNOWN MERCHANT #HF501V
2019-01-03,1100.0,Mortgage Payment,debit,15,APARTMENT RENT PAYMENT #UO5Q2Z
2019-01-03,42.1,Amazon,debit,20,AMAZON.COM PURCHASE #AHVYXK
2019-01-04,2000.0,Biweekly Paycheck,credit,18,UNKNOWN MERCHANT #3PB5RF
2019-01-05,23.49,American Tavern,debit,19,OLIVE GARDEN 4452 #E20A6V
2019-01-08,45.0,Gas Company,debit,22,CITY ELECTRIC BILL #EMAGG8
2019-01-09,491.45,Credit Card Payment,credit,4,UNKNOWN MERCHANT #WPI6J5
2019-01-09,491.45,Credit Card Payment,debit,4,UNKNOWN MERCHANT #TYINZR
2019-01-09,281.84,Credit Card Payment,debit,4,UNKNOWN MERCHANT #EHR42D
2019-01-09,10.69,Spotify,debit,17,SPOTIFY PREMIUM #JMR0FA
2019-01-10,58.79,Grocery Store,debit,10,WALMART SUPERCENTER #60WMMG
2019-01-10,30.0,Barbershop,debit,11,LOCAL BARBER SHOP #ZG8MAW
2019-01-10,65.0,Phone Company,debit,14,AT&T MOBILE SERVICE #EWWZHT
2019-01-14,28.92,Shell,debit,9,CASEY'S GENERAL STORE 6672 #QO6C1J
2019-01-15,6.06,Grocery Store,debit,10,WALMART SUPERCENTER #TLJ1H4
2019-01-16,35.0,City Water Charges,debit,22,WATER DEPARTMENT PAYMENT #2ULKX6
2019-01-16,60.0,Power Company,debit,22,CITY ELECTRIC BILL #4YGWT4
2019-01-18,75.0,State Farm,debit,2,GEICO INSURANCE PAYMENT #94HEJ1
2019-01-18,2000.0,Biweekly Paycheck,credit,18,UNKNOWN MERCHANT #9GGX1Z
2019-01-21,277.99,Credit Card Payment,credit,4,UNKNOWN MERCHANT #RHO57Q
2019-01-22,277.99,Credit Card Payment,debit,4,UNKNOWN MERCHANT #JKZA2Y
2019-01-24,21.06,Grocery Store,debit,10,JEWEL-OSCO #7BJPV6
2019-01-24,11.7,Amazon,debit,20,TARGET STORE 1456 #0PZVVF
2019-01-24,4.21,Amazon,debit,20,AMAZON.COM PURCHASE #ZAU5X8
2019-01-25,75.0,Internet Service Provider,debit,13,AT&T INTERNET SERVICE #1PQZKO
2019-01-31,1900.0,Credit Card Payment,debit,4,UNKNOWN MERCHANT #NU0INK
2019-01-31,31.32,Shell,debit,9,MOBIL FUEL STATION #68WM7X
2019-02-01,2000.0,Biweekly Paycheck,credit,18,UNKNOWN MERCHANT #OTMC0J
2019-02-01,9.47,Roadside Diner,debit,19,CHILI'S GRILL & BAR #JXWF6U
2019-02-01,13.09,Amazon,debit,20,WALMART ONLINE ORDER #H5UFM5
2019-02-04,86.97,Hardware Store,debit,12,HOME DEPOT 5244 #VKBDSN
2019-02-04,11.76,Netflix,debit,21,DISNEY+ MONTHLY #H9N6Q4
2019-02-05,1100.0,Mortgage Payment,debit,15,ZILLOW RENT PORTAL #I3ULZP
2019-02-07,65.0,Gas Company,debit,22,CITY ELECTRIC BILL #TSBKCG
2019-02-08,3.0,Starbucks,debit,3,PEET'S COFFEE ROASTERS #UMPOXX
2019-02-08,27.47,Thai Restaurant,debit,19,CHILI'S GRILL & BAR #BS7H7R
2019-02-09,10.69,Spotify,debit,17,APPLE MUSIC SUBSCRIPTION #Q839KO
2019-02-11,3.0,Starbucks,debit,3,SQ *STARBUCKS STORE 1123 #L5X2MT
2019-02-11,133.95,Credit Card Payment,debit,4,UNKNOWN MERCHANT #MQWG19
2019-02-11,24.01,BP,debit,9,SHELL OIL #QM7RLR
2019-02-12,30.54,Grocery Store,debit,10,WALMART SUPERCENTER #N3R0G7
2019-02-12,65.0,Phone Company,debit,14,T-MOBILE PAYMENT #W5S5KT
2019-02-13,8.21,Grocery Store,debit,10,TARGET GROCERY #GAAR6O
2019-02-15,207.47,Credit Card Payment,credit,4,UNKNOWN MERCHANT #6TAIB8
2019-02-15,207.47,Credit Card Payment,debit,4,UNKNOWN MERCHANT #CX815D
2019-02-15,4.59,Grocery Store,debit,10,JEWEL-OSCO #3CTLBA
2019-02-15,2000.0,Biweekly Paycheck,credit,18,UNKNOWN MERCHANT #IL7F5B
2019-02-15,60.0,Power Company,debit,22,WATER DEPARTMENT PAYMENT #F25SOE
2019-02-16,8.0,Brewing Company,debit,1,TIPSY TAP BAR & GRILL #E1NB4O
2019-02-16,32.75,American Tavern,debit,19,OLIVE GARDEN 4452 #4PSXB1
2019-02-16,37.45,Amazon,debit,20,TARGET STORE 1456 #1T2N0Y
2019-02-19,574.84,Credit Card Payment,debit,4,UNKNOWN MERCHANT #IHE1M0
2019-02-19,35.0,City Water Charges,debit,22,WATER DEPARTMENT PAYMENT #Z77BBG
2019-02-20,75.0,State Farm,debit,2,GEICO INSURANCE PAYMENT #UZ4T84
2019-02-20,292.54,Credit Card Payment,credit,4,UNKNOWN MERCHANT #UBK1E0
2019-02-20,30.0,Barbershop,debit,11,SPORT CLIPS HAIRCUT #BXE5PG
2019-02-21,292.54,Credit Card Payment,debit,4,UNKNOWN MERCHANT #61JZBD
2019-02-21,46.96,Grocery Store,debit,10,WALMART SUPERCENTER #GJUVB1
2019-02-25,33.8,BP,debit,9,MOBIL FUEL STATION #CJOSBG
2019-02-25,75.0,Internet Service Provider,debit,13,AT&T INTERNET SERVICE #77E3CB
2019-02-27,25.77,Roadside Diner,debit,19,CHILI'S GRILL & BAR #IMDSN0
2019-02-28,32.07,Grocery Store,debit,10,JEWEL-OSCO #WW7BNK
2019-03-01,2000.0,Biweekly Paycheck,credit,18,UNKNOWN MERCHANT #HE0DYD
2019-03-01,13.09,Amazon,debit,20,WALMART ONLINE ORDER #LH07PT
2019-03-04,92.04,Grocery Store,debit,10,TARGET GROCERY #MUHTBF
2019-03-04,1100.0,Mortgage Payment,debit,15,MORTGAGE LOAN PAYMENT #2VUG35
2019-03-04,11.76,Netflix,debit,21,NETFLIX SUBSCRIPTION #IP4TH0
2019-03-05,7.0,Fancy Restaurant,debit,19,OLIVE GARDEN 4452 #YX2HPF
2019-03-06,491.86,Credit Card Payment,debit,4,UNKNOWN MERCHANT #03WRYO
2019-03-08,34.08,BP,debit,9,MOBIL FUEL STATION #YYD65Z
2019-03-08,27.17,Amazon,debit,20,AMAZON.COM PURCHASE #JYE4LZ
2019-03-08,49.0,Gas Company,debit,22,NATURAL GAS SERVICE #FXH8TC
2019-03-09,10.69,Spotify,debit,17,SPOTIFY PREMIUM #TZK3L8
2019-03-12,65.0,Phone Company,debit,14,VERIZON WIRELESS BILL #XWTIII
2019-03-12,3.02,Bakery Place,debit,19,LOCAL DINER PURCHASE #Q9Z4RB
2019-03-13,532.86,Credit Card Payment,credit,4,UNKNOWN MERCHANT #FSY3U0
2019-03-13,301.79,Credit Card Payment,credit,4,UNKNOWN MERCHANT #9HPUKZ
2019-03-14,305.27,Credit Card Payment,debit,4,UNKNOWN MERCHANT #VVWDF9
2019-03-14,301.79,Credit Card Payment,debit,4,UNKNOWN MERCHANT #VE5C0X
2019-03-14,8.0,Brunch Restaurant,debit,19,OLIVE GARDEN 4452 #WAABU9
2019-03-15,2000.0,Biweekly Paycheck,credit,18,UNKNOWN MERCHANT #Z64EM1
2019-03-15,60.0,Power Company,debit,22,WATER DEPARTMENT PAYMENT #9O326D
2019-03-18,320.99,Best Buy,debit,5,APPLE.COM/BILL #3DAWEW
2019-03-18,16.23,Grocery Store,debit,10,TARGET GROCERY #FI4SXO
2019-03-19,13.84,Amazon,debit,20,TARGET STORE 1456 #MI6YF1
2019-03-19,35.0,City Water Charges,debit,22,CITY ELECTRIC BILL #DBJ4MT
2019-03-20,75.0,State Farm,debit,2,STATE FARM AUTO BILL #V6IOSB
2019-03-22,37.51,BP,debit,9,MOBIL FUEL STATION #TOPHY0
2019-03-23,5.2,Starbucks,debit,3,SQ *STARBUCKS STORE 1123 #VFBR73
2019-03-25,75.0,Internet Service Provider,debit,13,CHARTER SPECTRUM #CT3DW4
2019-03-26,16.04,Amazon,debit,20,TARGET STORE 1456 #WKX0ZK
2019-03-27,49.63,Brewing Company,debit,1,MIXOLOGY LOUNGE #LXX9IC
2019-03-27,4.46,Grocery Store,debit,10,JEWEL-OSCO #80HUUC
2019-03-29,2000.0,Biweekly Paycheck,credit,18,UNKNOWN MERCHANT #MIMI4N
2019-03-30,12.84,Starbucks,debit,3,SQ *STARBUCKS STORE 1123 #EDA0AW
2019-03-31,957.6,Credit Card Payment,credit,4,UNKNOWN MERCHANT #T9YLV8
2019-04-01,1552.65,Credit Card Payment,debit,4,UNKNOWN MERCHANT #25Q4AG
2019-04-01,600.51,Credit Card Payment,credit,4,UNKNOWN MERCHANT #QP62U8
2019-04-01,13.09,Amazon,debit,20,WALMART ONLINE ORDER #5KG0LB
2019-04-02,1100.0,Mortgage Payment,debit,15,APARTMENT RENT PAYMENT #HPZVCW
2019-04-04,5.64,Grocery Store,debit,10,WALMART SUPERCENTER #W91KPF
2019-04-04,35.9,Amazon,debit,20,AMAZON.COM PURCHASE #AWM29T
2019-04-04,11.76,Netflix,debit,21,NETFLIX SUBSCRIPTION #XQ724R
2019-04-06,27.54,Amazon,debit,20,WALMART ONLINE ORDER #S1G9GG
2019-04-08,30.0,Gas Company,debit,22,WATER DEPARTMENT PAYMENT #3Q5VD4
2019-04-09,436.75,Credit Card Payment,debit,4,UNKNOWN MERCHANT #5O8ZFW
2019-04-09,10.7,Grocery Store,debit,10,WALMART SUPERCENTER #EE58DI
2019-04-09,30.0,Barbershop,debit,11,GREAT CLIPS SALON #MDX6K7
2019-04-09,10.69,Spotify,debit,17,APPLE MUSIC SUBSCRIPTION #OI51R9
2019-04-10,65.0,Phone Company,debit,14,VERIZON WIRELESS BILL #JC3DVT
2019-04-12,44.93,Best Buy,debit,5,AMZN MKTPLACE SOFTWARE #7R31G2
2019-04-12,41.34,Grocery Store,debit,10,TARGET GROCERY #R8XBOW
2019-04-12,2000.0,Biweekly Paycheck,credit,18,UNKNOWN MERCHANT #F56EA9
2019-04-13,38.94,QuikTrip,debit,9,CASEY'S GENERAL STORE 6672 #ND3A1Z
2019-04-13,16.87,Grocery Store,debit,10,TARGET GROCERY #N4DLOZ
2019-04-13,20.64,Vietnamese Restaurant,debit,19,LOCAL DINER PURCHASE #THPURK
2019-04-15,60.0,Power Company,debit,22,WATER DEPARTMENT PAYMENT #6COZBT
2019-04-16,35.0,City Water Charges,debit,22,WATER DEPARTMENT PAYMENT #P7MJ1K
2019-04-18,75.0,State Farm,debit,2,GEICO INSURANCE PAYMENT #2ZO6X2
2019-04-18,604.32,Credit Card Payment,credit,4,UNKNOWN MERCHANT #XRVHFL
2019-04-18,458.1,Credit Card Payment,credit,4,UNKNOWN MERCHANT #LVXWHE
2019-04-19,604.32,Credit Card Payment,debit,4,UNKNOWN MERCHANT #R5UZAZ
2019-04-19,10.89,Grocery Store,debit,10,JEWEL-OSCO #3MSKDH
2019-04-22,14.4,Brewing Company,debit,1,MIXOLOGY LOUNGE #U43CCW
2019-04-22,64.52,Greek Restaurant,debit,19,OLIVE GARDEN 4452 #QM29FN
2019-04-23,29.56,Hardware Store,debit,12,LOWE'S STORE 8832 #S4GJ28
2019-04-25,75.0,Internet Service Provider,debit,13,COMCAST XFINITY BILL #T8JZQF
2019-04-26,2000.0,Biweekly Paycheck,credit,18,UNKNOWN MERCHANT #KSK7JC
2019-04-27,40.0,Brewing Company,debit,1,MIXOLOGY LOUNGE #6ECS2K
2019-04-27,268.96,Credit Card Payment,credit,4,UNKNOWN MERCHANT #4VQG73
2019-04-27,14.74,American Tavern,debit,19,OLIVE GARDEN 4452 #A0PCUO
2019-04-29,268.96,Credit Card Payment,debit,4,UNKNOWN MERCHANT #2K51Z9
2019-04-29,5.64,Grocery Store,debit,10,TARGET GROCERY #KXM8J2
2019-04-30,39.08,BP,debit,9,CASEY'S GENERAL STORE 6672 #M1AMKZ
2019-05-01,13.09,Amazon,debit,20,WALMART ONLINE ORDER #Q69G5A
2019-05-02,1100.0,Mortgage Payment,debit,15,APARTMENT RENT PAYMENT #YNVHCK
2019-05-03,758.07,Credit Card Payment,debit,4,UNKNOWN MERCHANT #OBOERU
2019-05-04,13.9,Netflix,debit,21,DISNEY+ MONTHLY #3WHBMF
2019-05-06,16.94,Amazon,debit,20,TARGET STORE 1456 #X4KOSJ
2019-05-07,38.56,Amazon,debit,20,AMAZON.COM PURCHASE #8B2R1K
2019-05-09,331.69,Best Buy,debit,5,APPLE.COM/BILL #3ZMX1O
2019-05-09,10.69,Spotify,debit,17,APPLE MUSIC SUBSCRIPTION #0UOJY6
2019-05-09,3.2,Target,debit,20,TARGET STORE 1456 #5XNQ0D
2019-05-09,30.0,Gas Company,debit,22,NATURAL GAS SERVICE #0BD897
2019-05-10,21.39,Best Buy,debit,5,MICROSOFT*SUBSCRIPTION #HEANHI
2019-05-10,65.0,Phone Company,debit,14,VERIZON WIRELESS BILL #4PWJPP
2019-05-10,2000.0,Biweekly Paycheck,credit,18,UNKNOWN MERCHANT #WUOMQ5
2019-05-13,480.88,Credit Card Payment,debit,4,UNKNOWN MERCHANT #FBUZ0Z
2019-05-13,35.24,QuikTrip,debit,9,SHELL OIL #US6B6V
2019-05-13,98.19,Fancy Restaurant,debit,19,CHILI'S GRILL & BAR #LQA9UZ
2019-05-13,23.11,Greek Restaurant,debit,19,LOCAL DINER PURCHASE #Z2Z7MV
2019-05-14,2.02,Grocery Store,debit,10,TARGET GROCERY #CRIA27
2019-05-15,60.0,Power Company,debit,22,CITY ELECTRIC BILL #GSPDI9
2019-05-17,575.33,Credit Card Payment,credit,4,UNKNOWN MERCHANT #DV0GVO
2019-05-17,35.0,City Water Charges,debit,22,CITY ELECTRIC BILL #U2TNE9
2019-05-20,75.0,State Farm,debit,2,PROGRESSIVE INSURANCE #33W9M6
2019-05-20,415.47,Credit Card Payment,debit,4,UNKNOWN MERCHANT #UE3TAI
2019-05-20,32.53,American Tavern,debit,19,LOCAL DINER PURCHASE #35YWMY
2019-05-24,765.68,Credit Card Payment,credit,4,UNKNOWN MERCHANT #B1G10W
2019-05-24,27.96,Hardware Store,debit,12,MENARDS ROCKFORD #VTFB0R
2019-05-24,2000.0,Biweekly Paycheck,credit,18,UNKNOWN MERCHANT #FEU9G0
2019-05-24,8.0,Brunch Restaurant,debit,19,OLIVE GARDEN 4452 #9LVZ7B
2019-05-25,36.76,QuikTrip,debit,9,MOBIL FUEL STATION #2SJRUI
2019-05-25,30.99,Hardware Store,debit,12,MENARDS ROCKFORD #QE0VVL
2019-05-27,34.33,Mexican Restaurant,debit,19,LOCAL DINER PURCHASE #IEC6AI
2019-05-28,765.68,Credit Card Payment,debit,4,UNKNOWN MERCHANT #2UPV4U
2019-05-30,75.0,Internet Service Provider,debit,13,CHARTER SPECTRUM #4LSWXC
2019-05-30,34.82,American Tavern,debit,19,CHILI'S GRILL & BAR #CMEYN4
2019-06-01,13.09,Amazon,debit,20,AMAZON.COM PURCHASE #KAOWLC
2019-06-03,2.75,Starbucks,debit,3,SQ *STARBUCKS STORE 1123 #B3MIGA
2019-06-03,260.95,Credit Card Payment,credit,4,UNKNOWN MERCHANT #4DX5FF
2019-06-03,1100.0,Mortgage Payment,debit,15,MORTGAGE LOAN PAYMENT #POKJ6P
2019-06-04,30.0,Barbershop,debit,11,SPORT CLIPS HAIRCUT #8YJXCT
2019-06-04,13.9,Netflix,debit,21,HBO MAX BILL #N7KTZX
2019-06-05,23.0,Grocery Store,debit,10,TARGET GROCERY #MDTGZC
2019-06-05,23.24,Mexican Restaurant,debit,19,LOCAL DINER PURCHASE #PWJXZF
2019-06-06,3.75,Starbucks,debit,3,DUNKIN #34567 #S2IN5M
2019-06-06,5.64,Grocery Store,debit,10,JEWEL-OSCO #CPB6CL
2019-06-07,458.56,Credit Card Payment,debit,4,UNKNOWN MERCHANT #AWBO2F
2019-06-07,2000.0,Biweekly Paycheck,credit,18,UNKNOWN MERCHANT #D0QNHN
2019-06-07,30.0,Gas Company,debit,22,WATER DEPARTMENT PAYMENT #ZNQH4M
2019-06-09,10.69,Spotify,debit,17,YOUTUBE MUSIC #DGIYW3
2019-06-12,65.0,Phone Company,debit,14,T-MOBILE PAYMENT #IYONF4
2019-06-13,152.72,Credit Card Payment,credit,4,UNKNOWN MERCHANT #JKFY00
2019-06-13,152.72,Credit Card Payment,debit,4,UNKNOWN MERCHANT #IBH7YF
2019-06-14,10.69,Grocery Store,debit,10,JEWEL-OSCO #JLZZLQ
2019-06-15,33.16,BP,debit,9,SHELL OIL #B9E5XF
2019-06-17,35.0,City Water Charges,debit,22,NATURAL GAS SERVICE #9B5R8O
2019-06-17,60.0,Power Company,debit,22,CITY ELECTRIC BILL #TLXLEG
2019-06-18,15.0,Brewing Company,debit,1,RED LANTERN PUB #U2MA5X
2019-06-18,41.83,Shell,debit,9,SHELL OIL #NV5UZC
2019-06-19,75.0,State Farm,debit,2,STATE FARM AUTO BILL #KIA9KC
2019-06-20,375.26,Credit Card Payment,debit,4,UNKNOWN MERCHANT #KI8ITK
2019-06-20,9200.0,Mike's Construction Co.,debit,12,LOWE'S STORE 8832 #T1KWE0
2019-06-20,100.68,Credit Card Payment,credit,4,UNKNOWN MERCHANT #4HU7EC
2019-06-21,100.68,Credit Card Payment,debit,4,UNKNOWN MERCHANT #ZI23YT
2019-06-21,2000.0,Biweekly Paycheck,credit,18,UNKNOWN MERCHANT #CBQZFE
2019-06-24,15.0,Brewing Company,debit,1,RED LANTERN PUB #YR0NB7
2019-06-28,30.64,BP,debit,9,MOBIL FUEL STATION #N386LA
2019-06-30,75.0,Internet Service Provider,debit,13,CHARTER SPECTRUM #ABKIZF
2019-07-01,7.0,Starbucks,debit,3,DUNKIN #34567 #6ADAYP
2019-07-01,99.47,Grocery Store,debit,10,JEWEL-OSCO #ABWAPS
2019-07-01,24.97,Hawaiian Grill,debit,19,OLIVE GARDEN 4452 #HSBSQ2
2019-07-01,24.0,Thai Restaurant,debit,19,OLIVE GARDEN 4452 #693YMG
2019-07-01,13.09,Amazon,debit,20,AMAZON.COM PURCHASE #OXKDM7
2019-07-02,229.9,Hardware Store,debit,12,LOWE'S STORE 8832 #FY7CQA
2019-07-02,1100.0,Mortgage Payment,debit,15,MORTGAGE LOAN PAYMENT #OF1GA2
2019-07-04,13.9,Netflix,debit,21,NETFLIX SUBSCRIPTION #19ZKZ2
2019-07-05,19.0,Brewing Company,debit,1,RED LANTERN PUB #0QFKSU
2019-07-05,2250.0,Biweekly Paycheck,credit,18,UNKNOWN MERCHANT #BI4CP9
2019-07-06,220.08,Credit Card Payment,credit,4,UNKNOWN MERCHANT #ISK3RR
2019-07-06,92.98,Grocery Store,debit,10,WALMART SUPERCENTER #EGQMH8
2019-07-06,23.26,Greek Restaurant,debit,19,OLIVE GARDEN 4452 #1TZBJ6
2019-07-07,103.14,Hardware Store,debit,12,HOME DEPOT 5244 #LXR9OU
2019-07-08,305.28,Credit Card Payment,debit,4,UNKNOWN MERCHANT #BBCS3M
2019-07-08,220.08,Credit Card Payment,debit,4,UNKNOWN MERCHANT #DVIUW9
2019-07-09,549.72,Credit Card Payment,credit,4,UNKNOWN MERCHANT #BOVIKU
2019-07-09,10.69,Spotify,debit,17,SPOTIFY PREMIUM #YCOY9V
2019-07-10,65.0,Phone Company,debit,14,AT&T MOBILE SERVICE #NLIWUX
2019-07-10,30.0,Gas Company,debit,22,CITY ELECTRIC BILL #A2DBS4
2019-07-15,87.14,Grocery Store,debit,10,TARGET GROCERY #W0ZKMF
2019-07-16,89.99,Amazon,debit,20,WALMART ONLINE ORDER #YQLH7O
2019-07-16,60.0,Power Company,debit,22,NATURAL GAS SERVICE #1CIHPG
2019-07-17,35.0,City Water Charges,debit,22,WATER DEPARTMENT PAYMENT #DFP1FG
2019-07-18,75.0,State Farm,debit,2,STATE FARM AUTO BILL #H2192Y
2019-07-18,814.5,Credit Card Payment,debit,4,UNKNOWN MERCHANT #A0SQ81
2019-07-18,36.42,BP,debit,9,SHELL OIL #13ZAVZ
2019-07-18,29.83,Grocery Store,debit,10,WALMART SUPERCENTER #HZ94Z5
2019-07-18,8.82,Brunch Restaurant,debit,19,CHILI'S GRILL & BAR #Y328FM
2019-07-19,115.52,Credit Card Payment,credit,4,UNKNOWN MERCHANT #OQK89H
2019-07-19,2250.0,Biweekly Paycheck,credit,18,UNKNOWN MERCHANT #DZ8NL0
2019-07-19,28.0,Mexican Restaurant,debit,19,CHILI'S GRILL & BAR #I8E06H
2019-07-22,257.08,Credit Card Payment,credit,4,UNKNOWN MERCHANT #4M5N13
2019-07-22,26.67,Thai Restaurant,debit,19,OLIVE GARDEN 4452 #ELX9TG
2019-07-23,257.08,Credit Card Payment,debit,4,UNKNOWN MERCHANT #E2V6D1
2019-07-24,2.5,Starbucks,debit,3,SQ *STARBUCKS STORE 1123 #KDRSQ5
2019-07-27,30.0,Barbershop,debit,11,GREAT CLIPS SALON #64THR0
2019-07-28,44.31,Hardware Store,debit,12,LOWE'S STORE 8832 #KFKZBE
2019-07-29,5.35,Grocery Store,debit,10,WALMART SUPERCENTER #9VH104
2019-07-29,44.92,Fancy Restaurant,debit,19,CHILI'S GRILL & BAR #GFMLDR
2019-07-30,15.77,Grocery Store,debit,10,TARGET GROCERY #9D0KCG
2019-07-30,75.0,Internet Service Provider,debit,13,AT&T INTERNET SERVICE #CZ0IGN
2019-08-01,13.09,Amazon,debit,20,WALMART ONLINE ORDER #O9QDAD
2019-08-02,1100.0,Mortgage Payment,debit,15,MORTGAGE LOAN PAYMENT #61AHZ9
2019-08-02,2250.0,Biweekly Paycheck,credit,18,UNKNOWN MERCHANT #SNMMD2
2019-08-03,36.36,BP,debit,9,MOBIL FUEL STATION #YFJP63
2019-08-03,3.96,Grocery Store,debit,10,JEWEL-OSCO #SPROEL
2019-08-03,23.47,American Tavern,debit,19,CHILI'S GRILL & BAR #MXWQHQ
2019-08-04,13.9,Netflix,debit,21,DISNEY+ MONTHLY #6IQ847
2019-08-05,18.0,Brewing Company,debit,1,MIXOLOGY LOUNGE #Z29M23
2019-08-05,349.28,Credit Card Payment,credit,4,UNKNOWN MERCHANT #12AV2F
2019-08-05,117.65,Credit Card Payment,credit,4,UNKNOWN MERCHANT #ST88CW
2019-08-06,521.17,Credit Card Payment,debit,4,UNKNOWN MERCHANT #21JL5T
2019-08-06,117.65,Credit Card Payment,debit,4,UNKNOWN MERCHANT #ZPDPTI
2019-08-06,125.0,Hardware Store,debit,12,HOME DEPOT 5244 #4K3272
2019-08-08,11.72,Grocery Store,debit,10,TARGET GROCERY #WNLO62
2019-08-09,10.69,Spotify,debit,17,YOUTUBE MUSIC #87JBY0
2019-08-09,30.0,Gas Company,debit,22,CITY ELECTRIC BILL #UFZQWF
2019-08-12,65.0,Phone Company,debit,14,T-MOBILE PAYMENT #T2WYJN
2019-08-12,26.67,Thai Restaurant,debit,19,LOCAL DINER PURCHASE #B6TKN5
2019-08-14,2.75,Starbucks,debit,3,DUNKIN #34567 #2BE93U
2019-08-15,335.2,Credit Card Payment,debit,4,UNKNOWN MERCHANT #UVLSDN
2019-08-15,60.0,Power Company,debit,22,CITY ELECTRIC BILL #2TAEHU
2019-08-16,2250.0,Biweekly Paycheck,credit,18,UNKNOWN MERCHANT #EJHN6N
2019-08-16,35.0,City Water Charges,debit,22,WATER DEPARTMENT PAYMENT #CEIBVQ
2019-08-17,87.17,Credit Card Payment,credit,4,UNKNOWN MERCHANT #QEAUQA
2019-08-17,33.15,Grocery Store,debit,10,JEWEL-OSCO #AVYNNH
2019-08-17,19.0,Barbershop,debit,11,SPORT CLIPS HAIRCUT #5GWZZ9
2019-08-17,3.5,American Tavern,debit,19,LOCAL DINER PURCHASE #47XIA1
2019-08-19,1248.95,Credit Card Payment,debit,4,UNKNOWN MERCHANT #LHF1CQ
2019-08-20,75.0,State Farm,debit,2,STATE FARM AUTO BILL #6I44PG
2019-08-20,2.75,Starbucks,debit,3,DUNKIN #34567 #OUCCPQ
2019-08-21,34.69,Shell,debit,9,CASEY'S GENERAL STORE 6672 #C9JLJJ
2019-08-23,2.75,Starbucks,debit,3,DUNKIN #34567 #CHZT66
2019-08-25,39.43,Brunch Restaurant,debit,19,OLIVE GARDEN 4452 #8HEHC6
2019-08-26,66.75,Hardware Store,debit,12,MENARDS ROCKFORD #CUBQQE
2019-08-29,3.0,Starbucks,debit,3,DUNKIN #34567 #GZFUJF
2019-08-30,2.75,Starbucks,debit,3,DUNKIN #34567 #9W9EDQ
2019-08-30,75.0,Internet Service Provider,debit,13,COMCAST XFINITY BILL #KX68QP
2019-08-30,2250.0,Biweekly Paycheck,credit,18,UNKNOWN MERCHANT #EOZ24P
2019-08-31,68.04,Hardware Store,debit,12,MENARDS ROCKFORD #KATWEZ
2019-08-31,41.78,BBQ Restaurant,debit,19,OLIVE GARDEN 4452 #Q8Y0Q8
2019-09-01,13.09,Amazon,debit,20,WALMART ONLINE ORDER #NI94P6
2019-09-03,1100.0,Mortgage Payment,debit,15,APARTMENT RENT PAYMENT #JFNDO2
2019-09-03,41.24,Fancy Restaurant,debit,19,LOCAL DINER PURCHASE #5Y6LPZ
2019-09-04,13.9,Netflix,debit,21,DISNEY+ MONTHLY #9MXB2N
2019-09-05,3.75,Starbucks,debit,3,DUNKIN #34567 #R3PZGW
2019-09-06,1390.37,Credit Card Payment,credit,4,UNKNOWN MERCHANT #048PZK
2019-09-06,1390.37,Credit Card Payment,debit,4,UNKNOWN MERCHANT #HOE48G
2019-09-06,502.75,Credit Card Payment,debit,4,UNKNOWN MERCHANT #44PIGL
2019-09-07,12.87,Brewing Company,debit,1,MIXOLOGY LOUNGE #RLWWQV
2019-09-08,19.3,Brewing Company,debit,1,RED LANTERN PUB #L2CCUL
2019-09-09,28.77,Shell,debit,9,MOBIL FUEL STATION #LHT6H9
2019-09-09,65.09,Grocery Store,debit,10,TARGET GROCERY #06SRZM
2019-09-09,26.25,Hardware Store,debit,12,HOME DEPOT 5244 #K15ZLD
2019-09-09,10.69,Spotify,debit,17,SPOTIFY PREMIUM #X7V3XR
2019-09-09,30.0,Gas Company,debit,22,CITY ELECTRIC BILL #L7DGIV
2019-09-11,360.56,Credit Card Payment,credit,4,UNKNOWN MERCHANT #6IRTQW
2019-09-11,65.0,Phone Company,debit,14,VERIZON WIRELESS BILL #OLM404
2019-09-12,360.56,Credit Card Payment,debit,4,UNKNOWN MERCHANT #43YDPK
2019-09-13,2.75,Starbucks,debit,3,PEET'S COFFEE ROASTERS #6G5T2A
2019-09-13,2250.0,Biweekly Paycheck,credit,18,UNKNOWN MERCHANT #TRZXMG
2019-09-14,46.44,Grocery Store,debit,10,WALMART SUPERCENTER #2EA0W5
2019-09-15,47.66,Amazon,debit,20,WALMART ONLINE ORDER #4TWWD7
2019-09-16,90.57,Credit Card Payment,debit,4,UNKNOWN MERCHANT #0N1RF4
2019-09-16,90.57,Credit Card Payment,credit,4,UNKNOWN MERCHANT #19FKGU
2019-09-16,35.0,City Water Charges,debit,22,WATER DEPARTMENT PAYMENT #TJ1OLS
2019-09-17,186.13,Credit Card Payment,credit,4,UNKNOWN MERCHANT #FY8U1I
2019-09-17,60.0,Power Company,debit,22,CITY ELECTRIC BILL #1JE40U
2019-09-18,75.0,State Farm,debit,2,PROGRESSIVE INSURANCE #77X1OM
2019-09-18,1606.46,Credit Card Payment,debit,4,UNKNOWN MERCHANT #QMAN7K
2019-09-19,40.81,Brewing Company,debit,1,TIPSY TAP BAR & GRILL #GKY25Y
2019-09-19,2.75,Starbucks,debit,3,PEET'S COFFEE ROASTERS #GC83B6
2019-09-20,9.43,Credit Card Payment,credit,4,UNKNOWN MERCHANT #B7YBEH
2019-09-22,131.1,Seafood Restaurant,debit,19,CHILI'S GRILL & BAR #M3SLXO
2019-09-23,9.43,Credit Card Payment,debit,4,UNKNOWN MERCHANT #N455VU
2019-09-23,27.71,Grocery Store,debit,10,TARGET GROCERY #PI1388
2019-09-23,24.63,Amazon,debit,20,TARGET STORE 1456 #L1RBZG
2019-09-27,2250.0,Biweekly Paycheck,credit,18,UNKNOWN MERCHANT #QLU0LB
2019-09-28,33.46,BP,debit,9,MOBIL FUEL STATION #GUDN3B
2019-09-28,4.27,Sheetz,debit,9,CASEY'S GENERAL STORE 6672 #YVF65P
2019-09-30,1.75,Starbucks,debit,3,PEET'S COFFEE ROASTERS #VOW3P6
2019-09-30,75.0,Internet Service Provider,debit,13,COMCAST XFINITY BILL #EAIOP2
